{
  "model_config": {
    "backbone": "efficientnet_b4",
    "num_classes": 17,
    "dropout": 0.25,
    "total_params": 18475353
  },
  "training_config": {
    "batch_size": 32,
    "learning_rate": 0.001,
    "weight_decay": 0.0001,
    "num_epochs_trained": 30,
    "early_stop_patience": 7
  },
  "dataset_split": {
    "train_size": 2100,
    "val_size": 450,
    "test_size": 450
  },
  "test_metrics_default_threshold": {
    "micro_f1": 0.9164502164502164,
    "macro_f1": 0.8097258089735735,
    "weighted_f1": 0.9165122114052661,
    "micro_precision": 0.9039282664389411,
    "macro_precision": 0.8107757606387428,
    "micro_recall": 0.9293239683933274,
    "macro_recall": 0.811405124317349,
    "hamming_loss": 0.05045751633986928,
    "subset_accuracy": 0.4666666666666667,
    "per_class_f1": [
      0.9523809523809523,
      0.8205128205128205,
      0.9589905362776026,
      0.9265905383360522,
      0.4827586206896552,
      0.7777777777777778,
      0.7948717948717948,
      0.8307692307692308,
      0.9502133712660028,
      0.0,
      0.9770773638968482,
      0.925,
      0.9375,
      0.7654320987654321,
      0.9333333333333333,
      0.958217270194986,
      0.7739130434782608
    ],
    "per_class_precision": [
      1.0,
      0.7710843373493976,
      0.9440993788819876,
      0.919093851132686,
      0.4666666666666667,
      0.8571428571428571,
      0.8157894736842105,
      0.7941176470588235,
      0.9226519337016574,
      0.0,
      0.9742857142857143,
      0.9024390243902439,
      0.9375,
      0.8378378378378378,
      0.9333333333333333,
      0.9529085872576177,
      0.7542372881355932
    ],
    "per_class_recall": [
      0.9090909090909091,
      0.8767123287671232,
      0.9743589743589743,
      0.9342105263157895,
      0.5,
      0.711864406779661,
      0.775,
      0.8709677419354839,
      0.9794721407624634,
      0.0,
      0.9798850574712644,
      0.9487179487179487,
      0.9375,
      0.7045454545454546,
      0.9333333333333333,
      0.9635854341736695,
      0.7946428571428571
    ]
  },
  "test_metrics_optimized_threshold": {
    "micro_f1": 0.9162453286436579,
    "macro_f1": 0.7989004609651121,
    "weighted_f1": 0.9150288692162828,
    "micro_precision": 0.9176574196389256,
    "macro_precision": 0.8167597991999026,
    "micro_recall": 0.9148375768217735,
    "macro_recall": 0.7846867345295097,
    "hamming_loss": 0.04980392156862745,
    "subset_accuracy": 0.47333333333333333,
    "per_class_f1": [
      0.9523809523809523,
      0.8251121076233184,
      0.960127591706539,
      0.922824302134647,
      0.4,
      0.7777777777777778,
      0.7631578947368421,
      0.7741935483870968,
      0.9496402877697842,
      0.0,
      0.9784791965566715,
      0.925,
      0.9206349206349206,
      0.7435897435897436,
      0.9333333333333333,
      0.9550561797752809,
      0.8
    ],
    "per_class_precision": [
      1.0,
      0.8105726872246696,
      0.9555555555555556,
      0.921311475409836,
      0.45454545454545453,
      0.8571428571428571,
      0.8055555555555556,
      0.7741935483870968,
      0.9322033898305084,
      0.0,
      0.9770773638968482,
      0.9024390243902439,
      0.9354838709677419,
      0.8529411764705882,
      0.9333333333333333,
      0.9577464788732394,
      0.8148148148148148
    ],
    "per_class_recall": [
      0.9090909090909091,
      0.8401826484018264,
      0.9647435897435898,
      0.9243421052631579,
      0.35714285714285715,
      0.711864406779661,
      0.725,
      0.7741935483870968,
      0.967741935483871,
      0.0,
      0.9798850574712644,
      0.9487179487179487,
      0.90625,
      0.6590909090909091,
      0.9333333333333333,
      0.9523809523809523,
      0.7857142857142857
    ]
  },
  "optimal_threshold": 0.6500000000000001,
  "training_history": {
    "train_loss": [
      0.32167246982906805,
      0.19546375784910086,
      0.15861869592106703,
      0.15048843148079785,
      0.14029283945759138,
      0.13661357884605727,
      0.13364298325596433,
      0.1412580513367147,
      0.11953200343431848,
      0.10732328688556497,
      0.10126639281709988,
      0.10060863992707296,
      0.09826277523781314,
      0.09988985142924568,
      0.0846337874730428,
      0.07327650972839558,
      0.0681256450374018,
      0.06562329975493027,
      0.05435835530586315,
      0.04907263211454406,
      0.045426040182285236,
      0.04462856486101042,
      0.03803055490733999,
      0.032356186459461846,
      0.032224057326939975,
      0.030988722602187685,
      0.02594113897419337,
      0.025252146843933697,
      0.02591164872953386,
      0.022584449640954986
    ],
    "val_loss": [
      0.2034341444571813,
      0.1629348134001096,
      0.14285744453469912,
      0.14150022516647975,
      0.14429462949434915,
      0.15323371241490047,
      0.14978874921798707,
      0.14602905064821242,
      0.13311008960008622,
      0.12751113673051198,
      0.13574795598785083,
      0.13611987580855686,
      0.14261595519880454,
      0.14347293923298518,
      0.13784129172563553,
      0.15202494164307911,
      0.14511909931898118,
      0.160444841782252,
      0.15916450768709184,
      0.1657142480214437,
      0.16380180915196738,
      0.16972358052929243,
      0.17215993454058964,
      0.17741566399733225,
      0.17934644396106403,
      0.19117266287406284,
      0.19530979841947554,
      0.20157472938299179,
      0.20228765259186426,
      0.2075550710161527
    ],
    "val_micro_f1": [
      0.8566332218506132,
      0.8957832641468211,
      0.9070711386455885,
      0.909558508358337,
      0.9076662431173231,
      0.9018181818181819,
      0.9030213395309529,
      0.9095197255574614,
      0.9087057826731625,
      0.9126590467974984,
      0.9106290672451193,
      0.9102646868947708,
      0.9110684580934101,
      0.9028938906752412,
      0.9098966026587888,
      0.9102233676975945,
      0.9106837606837607,
      0.9090909090909091,
      0.9145516074450084,
      0.9132750905604091,
      0.9127943984723106,
      0.9151898734177215,
      0.9170360987967068,
      0.9114949882704201,
      0.9123252858958069,
      0.9122064734503914,
      0.9110214482905076,
      0.9109501491265445,
      0.9112852000846919,
      0.9121321194156257
    ],
    "val_macro_f1": [
      0.5023344653797692,
      0.7113411371075021,
      0.7590730214643779,
      0.7558698460998686,
      0.7451021196478497,
      0.7362542314308615,
      0.7345769215470833,
      0.7644189340820681,
      0.7619326594395819,
      0.7709747178673704,
      0.7599891673134317,
      0.7793958082788146,
      0.776238187989568,
      0.7598568756820387,
      0.774824894338652,
      0.7847522783978021,
      0.7948238330885484,
      0.7790568019856388,
      0.7948486734214885,
      0.7912003534736651,
      0.8009055811996169,
      0.7932804995726571,
      0.8073679475162724,
      0.792106007013461,
      0.7911450826267925,
      0.800613812200838,
      0.7999028425346995,
      0.7863046120010501,
      0.7929689023028966,
      0.7979829622357134
    ]
  },
  "class_names": [
    "airplane",
    "bare soil",
    "buildings",
    "cars",
    "chaparral",
    "court",
    "dock",
    "field",
    "grass",
    "mobile home",
    "pavement",
    "sand",
    "sea",
    "ship",
    "tanks",
    "trees",
    "water"
  ]
}